Proteome Id,Organism,Organism Id,Protein count,CPD,Complete,Single,Double,Fragmented,Missing,Count,Taxonomy_Root,Taxonomy_Domain,Taxonomy_Clade1,Taxonomy_Phylum,Taxonomy_Clade2,Taxonomy_Class,Taxonomy_Order,Taxonomy_Family,Taxonomy_Genus
UP000005867,Pyrobaculum ferrireducens,1104324,2825,Unknown,96.5,96.0,0.5,1.0,2.5,404.0,cellular organisms,Archaea,Thermoproteati,Thermoproteota,Thermoprotei,Thermoproteales,Thermoproteaceae,Pyrobaculum,
UP000053352,Pyrodictium occultum,2309,1602,Unknown,96.1,95.9,0.2,0.2,3.7,491.0,cellular organisms,Archaea,Thermoproteati,Thermoproteota,Thermoprotei,Desulfurococcales,Pyrodictiaceae,Pyrodictium,
UP000193404,Acidianus manzaensis,282676,2641,Unknown,98.0,97.2,0.8,0.2,1.8,1244.0,cellular organisms,Archaea,Thermoproteati,Thermoproteota,Thermoprotei,Sulfolobales,Sulfolobaceae,Acidianus,
UP000196694,Pyrodictium delaneyi,1273541,1990,Unknown,99.2,98.8,0.4,0.0,0.8,491.0,cellular organisms,Archaea,Thermoproteati,Thermoproteota,Thermoprotei,Desulfurococcales,Pyrodictiaceae,Pyrodictium,
UP000248044,Acidianus brierleyi,41673,2858,Unknown,95.7,95.0,0.7,0.1,4.2,1244.0,cellular organisms,Archaea,Thermoproteati,Thermoproteota,Thermoprotei,Sulfolobales,Sulfolobaceae,Acidianus,
UP000298568,Metallosphaera prunae,47304,2310,Unknown,98.6,98.5,0.2,0.2,1.2,1244.0,cellular organisms,Archaea,Thermoproteati,Thermoproteota,Thermoprotei,Sulfolobales,Sulfolobaceae,Metallosphaera,
UP000322983,Sulfuracidifex tepidarius,1294262,2770,Unknown,96.9,96.8,0.2,0.3,2.7,1244.0,cellular organisms,Archaea,Thermoproteati,Thermoproteota,Thermoprotei,Sulfolobales,Sulfolobaceae,Sulfuracidifex,
UP000423396,Stygiolobus azoricus,41675,2042,Unknown,95.4,95.3,0.2,0.2,4.3,1244.0,cellular organisms,Archaea,Thermoproteati,Thermoproteota,Thermoprotei,Sulfolobales,Sulfolobaceae,Stygiolobus,
UP000427373,Sulfurisphaera ohwakuensis,69656,2759,Unknown,99.4,99.1,0.3,0.0,0.6,1244.0,cellular organisms,Archaea,Thermoproteati,Thermoproteota,Thermoprotei,Sulfolobales,Sulfolobaceae,Sulfurisphaera,
UP000440125,Acidianus infernus,12915,2293,Unknown,96.6,95.7,1.0,0.1,3.3,1244.0,cellular organisms,Archaea,Thermoproteati,Thermoproteota,Thermoprotei,Sulfolobales,Sulfolobaceae,Acidianus,
UP000509301,Metallosphaera tengchongensis,1532350,2154,Unknown,97.6,97.5,0.1,0.2,2.3,1244.0,cellular organisms,Archaea,Thermoproteati,Thermoproteota,Thermoprotei,Sulfolobales,Sulfolobaceae,Metallosphaera,
UP000554766,Pyrobaculum arsenaticum,121277,2265,Unknown,96.3,96.0,0.2,0.0,3.7,404.0,cellular organisms,Archaea,Thermoproteati,Thermoproteota,Thermoprotei,Thermoproteales,Thermoproteaceae,Pyrobaculum,
UP000593766,Thermosphaera chiliense,3402707,1399,Unknown,95.3,95.3,0.0,0.0,4.7,491.0,cellular organisms,Archaea,Thermoproteati,Thermoproteota,Thermoprotei,Desulfurococcales,Desulfurococcaceae,Thermosphaera,
UP000594121,Infirmifilum lucidum,2776706,1763,Unknown,95.6,94.9,0.7,0.7,3.7,296.0,cellular organisms,Archaea,Thermoproteati,Thermoproteota,Thermoprotei,Thermofilales,Thermofilaceae,Infirmifilum,
UP000694036,Saccharolobus shibatae,2286,3121,Unknown,97.1,96.6,0.5,0.4,2.5,1244.0,cellular organisms,Archaea,Thermoproteati,Thermoproteota,Thermoprotei,Sulfolobales,Sulfolobaceae,Saccharolobus,
UP000825123,Stygiolobus caldivivus,2824673,2971,Unknown,97.9,97.7,0.2,0.4,1.7,1244.0,cellular organisms,Archaea,Thermoproteati,Thermoproteota,Thermoprotei,Sulfolobales,Sulfolobaceae,Stygiolobus,
UP001319921,Saccharolobus caldissimus,1702097,3274,Unknown,97.6,97.3,0.3,0.3,2.1,1244.0,cellular organisms,Archaea,Thermoproteati,Thermoproteota,Thermoprotei,Sulfolobales,Sulfolobaceae,Saccharolobus,
UP001432202,Sulfolobus tengchongensis,207809,2714,Unknown,98.5,98.2,0.2,0.1,1.4,1244.0,cellular organisms,Archaea,Thermoproteati,Thermoproteota,Thermoprotei,Sulfolobales,Sulfolobaceae,Sulfolobus,
UP001341135,Pyrodictium abyssi,54256,2463,Unknown,98.0,97.4,0.6,0.6,1.4,491.0,cellular organisms,Archaea,Thermoproteati,Thermoproteota,Thermoprotei,Desulfurococcales,Pyrodictiaceae,Pyrodictium,
UP000024332,Candidatus Acidianus copahuensis,1160895,2328,Unknown,96.4,96.1,0.2,0.3,3.3,1244.0,cellular organisms,Archaea,Thermoproteati,Thermoproteota,Thermoprotei,Sulfolobales,Sulfolobaceae,Acidianus,
UP000054284,Candidatus Aramenus sulfurataquae,1326980,1975,Unknown,94.0,93.6,0.4,1.3,4.7,1244.0,cellular organisms,Archaea,Thermoproteati,Thermoproteota,Thermoprotei,Sulfolobales,Sulfolobaceae,Candidatus Aramenus,
UP000426328,Acidianus ambivalens (Desulfurolobus ambivalens),2283,2373,Unknown,95.4,94.9,0.6,0.1,4.5,1244.0,cellular organisms,Archaea,Thermoproteati,Thermoproteota,Thermoprotei,Sulfolobales,Sulfolobaceae,Acidianus,
UP000003980,Metallosphaera yellowstonensis MK1,671065,3340,Unknown,97.8,97.3,0.5,0.6,1.6,1244.0,cellular organisms,Archaea,Thermoproteati,Thermoproteota,Thermoprotei,Sulfolobales,Sulfolobaceae,Metallosphaera,Metallosphaera yellowstonensis
UP000248410,Acidianus sulfidivorans JP7,619593,2255,Unknown,98.2,97.7,0.5,0.1,1.7,1244.0,cellular organisms,Archaea,Thermoproteati,Thermoproteota,Thermoprotei,Sulfolobales,Sulfolobaceae,Acidianus,Acidianus sulfidivorans
UP000006175,Desulfurococcus amylolyticus DSM 16532,768672,1421,Unknown,98.0,98.0,0.0,0.0,2.0,491.0,cellular organisms,Archaea,Thermoproteati,Thermoproteota,Thermoprotei,Desulfurococcales,Desulfurococcaceae,Desulfurococcus,Desulfurococcus amylolyticus
UP000008458,Acidianus hospitalis (strain W1),933801,2329,Unknown,95.9,95.3,0.6,0.7,3.4,1244.0,cellular organisms,Archaea,Thermoproteati,Thermoproteota,Thermoprotei,Sulfolobales,Sulfolobaceae,Acidianus,Acidianus hospitalis
UP001060771,Vulcanisaeta souniana JCM 11219,1293586,2661,Unknown,95.5,94.8,0.7,0.5,4.0,404.0,cellular organisms,Archaea,Thermoproteati,Thermoproteota,Thermoprotei,Thermoproteales,Thermoproteaceae,Vulcanisaeta,Vulcanisaeta souniana
UP000007485,Vulcanisaeta moutnovskia (strain 768-28),985053,2318,Unknown,98.8,98.8,0.0,0.2,1.0,404.0,cellular organisms,Archaea,Thermoproteati,Thermoproteota,Thermoprotei,Thermoproteales,Thermoproteaceae,Vulcanisaeta,Vulcanisaeta moutnovskia
UP000007812,Metallosphaera cuprina (strain Ar-4),1006006,2029,Unknown,95.1,95.1,0.0,1.5,3.4,1244.0,cellular organisms,Archaea,Thermoproteati,Thermoproteota,Thermoprotei,Sulfolobales,Sulfolobaceae,Metallosphaera,Metallosphaera cuprina
UP000008138,Thermoproteus uzoniensis (strain 768-20),999630,2185,Unknown,99.0,99.0,0.0,1.0,0.0,404.0,cellular organisms,Archaea,Thermoproteati,Thermoproteota,Thermoprotei,Thermoproteales,Thermoproteaceae,Thermoproteus,Thermoproteus uzoniensis
UP000001037,Pyrolobus fumarii (strain DSM 11204 / 1A),694429,1967,Unknown,98.4,98.0,0.4,0.0,1.6,491.0,cellular organisms,Archaea,Thermoproteati,Thermoproteota,Thermoprotei,Desulfurococcales,Pyrodictiaceae,Pyrolobus,Pyrolobus fumarii
UP000002376,Thermosphaera aggregans (strain DSM 11486 / M11TL),633148,1387,Unknown,96.3,96.3,0.0,0.2,3.5,491.0,cellular organisms,Archaea,Thermoproteati,Thermoproteota,Thermoprotei,Desulfurococcales,Desulfurococcaceae,Thermosphaera,Thermosphaera aggregans
UP000247586,Metallosphaera hakonensis JCM 8857 = DSM 7519,1293036,2365,Unknown,98.4,98.3,0.1,0.1,1.5,1244.0,cellular organisms,Archaea,Thermoproteati,Thermoproteota,Thermoprotei,Sulfolobales,Sulfolobaceae,Metallosphaera,Metallosphaera hakonensis
UP000470772,Sulfuracidifex metallicus DSM 6482 = JCM 9184,523847,2195,Unknown,97.5,97.2,0.3,0.2,2.3,1244.0,cellular organisms,Archaea,Thermoproteati,Thermoproteota,Thermoprotei,Sulfolobales,Sulfolobaceae,Sulfuracidifex,Sulfuracidifex metallicus
UP000000641,Thermofilum pendens (strain DSM 2475 / Hrk 5),368408,1876,Unknown,96.3,95.6,0.7,0.3,3.4,296.0,cellular organisms,Archaea,Thermoproteati,Thermoproteota,Thermoprotei,Thermofilales,Thermofilaceae,Thermofilum,Thermofilum pendens
UP000006395,Saccharolobus islandicus (strain HVE10/4) (Sulfolobus islandicus),930943,2718,Unknown,98.8,98.7,0.1,0.3,0.9,1244.0,cellular organisms,Archaea,Thermoproteati,Thermoproteota,Thermoprotei,Sulfolobales,Sulfolobaceae,Saccharolobus,Saccharolobus islandicus
UP000001431,Pyrobaculum calidifontis (strain DSM 21063 / JCM 11548 / VA1),410359,2149,Unknown,96.5,96.0,0.5,0.2,3.2,404.0,cellular organisms,Archaea,Thermoproteati,Thermoproteota,Thermoprotei,Thermoproteales,Thermoproteaceae,Pyrobaculum,Pyrobaculum calidifontis
UP000002595,Pyrobaculum islandicum (strain DSM 4184 / JCM 9189 / GEO3),384616,1976,Unknown,96.3,96.0,0.2,0.2,3.5,404.0,cellular organisms,Archaea,Thermoproteati,Thermoproteota,Thermoprotei,Thermoproteales,Thermoproteaceae,Pyrobaculum,Pyrobaculum islandicum
UP000009062,Pyrobaculum oguniense (strain DSM 13380 / JCM 10595 / TE7),698757,2833,Unknown,97.0,96.8,0.2,0.2,2.7,404.0,cellular organisms,Archaea,Thermoproteati,Thermoproteota,Thermoprotei,Thermoproteales,Thermoproteaceae,Pyrobaculum,Pyrobaculum oguniense
UP000002593,Hyperthermus butylicus (strain DSM 5456 / JCM 9403 / PLM1-5),415426,1602,Unknown,96.3,95.7,0.6,0.6,3.1,491.0,cellular organisms,Archaea,Thermoproteati,Thermoproteota,Thermoprotei,Desulfurococcales,Pyrodictiaceae,Hyperthermus,Hyperthermus butylicus
UP000005270,Thermogladius calderae (strain DSM 22663 / VKM B-2946 / 1633),1184251,1414,Unknown,97.1,96.3,0.8,0.2,2.6,491.0,cellular organisms,Archaea,Thermoproteati,Thermoproteota,Thermoprotei,Desulfurococcales,Desulfurococcaceae,Thermogladius,Thermogladius calderae
UP000000254,Staphylothermus marinus (strain ATCC 43588 / DSM 3639 / JCM 9404 / F1),399550,1570,Unknown,98.6,98.4,0.2,0.0,1.4,491.0,cellular organisms,Archaea,Thermoproteati,Thermoproteota,Thermoprotei,Desulfurococcales,Desulfurococcaceae,Staphylothermus,Staphylothermus marinus
UP000001068,Desulfurococcus mucosus (strain ATCC 35584 / DSM 2162 / JCM 9187 / O7/1),765177,1345,Unknown,98.6,98.6,0.0,0.2,1.2,491.0,cellular organisms,Archaea,Thermoproteati,Thermoproteota,Thermoprotei,Desulfurococcales,Desulfurococcaceae,Desulfurococcus,Desulfurococcus mucosus
UP000001137,Caldivirga maquilingensis (strain ATCC 700844 / DSM 13496 / JCM 10307 / IC-167),397948,1962,Unknown,96.5,95.8,0.7,0.0,3.5,404.0,cellular organisms,Archaea,Thermoproteati,Thermoproteota,Thermoprotei,Thermoproteales,Thermoproteaceae,Caldivirga,Caldivirga maquilingensis
UP000002573,Staphylothermus hellenicus (strain DSM 12710 / JCM 10830 / BK20S6-10-b1 / P8),591019,1599,Unknown,97.4,97.1,0.2,0.2,2.4,491.0,cellular organisms,Archaea,Thermoproteati,Thermoproteota,Thermoprotei,Desulfurococcales,Desulfurococcaceae,Staphylothermus,Staphylothermus hellenicus
UP000006681,Vulcanisaeta distributa (strain DSM 14429 / JCM 11212 / NBRC 100878 / IC-017),572478,2493,Unknown,99.8,99.5,0.2,0.0,0.2,404.0,cellular organisms,Archaea,Thermoproteati,Thermoproteota,Thermoprotei,Thermoproteales,Thermoproteaceae,Vulcanisaeta,Vulcanisaeta distributa
UP000007391,Fervidicoccus fontis (strain DSM 19380 / JCM 18336 / VKM B-2539 / Kam940),1163730,1384,Unknown,95.6,94.9,0.7,2.0,2.4,296.0,cellular organisms,Archaea,Thermoproteati,Thermoproteota,Thermoprotei,Fervidicoccales,Fervidicoccaceae,Fervidicoccus,Fervidicoccus fontis
UP000010469,Caldisphaera lagunensis (strain DSM 15908 / JCM 11604 / ANMR 0165 / IC-154),1056495,1477,Unknown,97.3,97.0,0.3,0.3,2.4,296.0,cellular organisms,Archaea,Thermoproteati,Thermoproteota,Thermoprotei,Acidilobales,Caldisphaeraceae,Caldisphaera,Caldisphaera lagunensis
UP000000242,Metallosphaera sedula (strain ATCC 51363 / DSM 5348 / JCM 9185 / NBRC 15509 / TH2),399549,2256,Unknown,98.5,98.3,0.2,0.3,1.2,1244.0,cellular organisms,Archaea,Thermoproteati,Thermoproteota,Thermoprotei,Sulfolobales,Sulfolobaceae,Metallosphaera,Metallosphaera sedula
UP000000346,Acidilobus saccharovorans (strain DSM 16705 / JCM 18335 / VKM B-2471 / 345-15),666510,1499,Unknown,96.3,95.9,0.3,1.4,2.4,296.0,cellular organisms,Archaea,Thermoproteati,Thermoproteota,Thermoprotei,Acidilobales,Acidilobaceae,Acidilobus,Acidilobus saccharovorans
UP000001015,Sulfurisphaera tokodaii (strain DSM 16993 / JCM 10545 / NBRC 100140 / 7) (Sulfolobus tokodaii),273063,2805,Unknown,98.0,97.6,0.4,0.4,1.6,1244.0,cellular organisms,Archaea,Thermoproteati,Thermoproteota,Thermoprotei,Sulfolobales,Sulfolobaceae,Sulfurisphaera,Sulfurisphaera tokodaii
UP000001694,Pyrobaculum neutrophilum (strain DSM 2338 / JCM 9278 / NBRC 100436 / V24Sta) (Thermoproteus neutrophilus),444157,1965,Unknown,95.8,95.5,0.2,0.2,4.0,404.0,cellular organisms,Archaea,Thermoproteati,Thermoproteota,Thermoprotei,Thermoproteales,Thermoproteaceae,Pyrobaculum,Pyrobaculum neutrophilum
UP000001974,Saccharolobus solfataricus (strain ATCC 35092 / DSM 1617 / JCM 11322 / P2) (Sulfolobus solfataricus),273057,2937,Unknown,95.3,94.5,0.9,0.6,4.1,1244.0,cellular organisms,Archaea,Thermoproteati,Thermoproteota,Thermoprotei,Sulfolobales,Sulfolobaceae,Saccharolobus,Saccharolobus solfataricus
UP000001018,Sulfolobus acidocaldarius (strain ATCC 33909 / DSM 639 / JCM 8929 / NBRC 15157 / NCIMB 11770),330779,2223,Unknown,94.9,94.5,0.4,0.6,4.5,1244.0,cellular organisms,Archaea,Thermoproteati,Thermoproteota,Thermoprotei,Sulfolobales,Sulfolobaceae,Sulfolobus,Sulfolobus acidocaldarius
UP000002654,Thermoproteus tenax (strain ATCC 35583 / DSM 2078 / JCM 9277 / NBRC 100435 / Kra 1),768679,2047,Unknown,99.0,99.0,0.0,0.2,0.7,404.0,cellular organisms,Archaea,Thermoproteati,Thermoproteota,Thermoprotei,Thermoproteales,Thermoproteaceae,Thermoproteus,Thermoproteus tenax
UP000002439,Pyrobaculum aerophilum (strain ATCC 51768 / DSM 7523 / JCM 9630 / CIP 104966 / NBRC 100827 / IM2),178306,2590,Unknown,96.5,96.3,0.2,0.2,3.2,404.0,cellular organisms,Archaea,Thermoproteati,Thermoproteota,Thermoprotei,Thermoproteales,Thermoproteaceae,Pyrobaculum,Pyrobaculum aerophilum
UP001548177,Thermoproteota archaeon,2056631,1616,Unknown,93.3,93.3,0.0,3.6,3.1,194.0,cellular organisms,Archaea,Thermoproteati,Thermoproteota,unclassified Thermoproteota,,,,
UP001554806,Thermoproteota archaeon,2056631,2217,Unknown,94.3,83.0,11.3,1.5,4.1,194.0,cellular organisms,Archaea,Thermoproteati,Thermoproteota,unclassified Thermoproteota,,,,
UP001167853,Thermoprotei archaeon,2250277,1558,Unknown,95.3,94.9,0.3,1.4,3.4,296.0,cellular organisms,Archaea,Thermoproteati,Thermoproteota,Thermoprotei,unclassified Thermoprotei,,,
UP000029084,Metallosphaera sedula,43687,2252,Unknown,98.3,98.2,0.2,0.3,1.4,1244.0,cellular organisms,Archaea,Thermoproteati,Thermoproteota,Thermoprotei,Sulfolobales,Sulfolobaceae,Metallosphaera,
UP000056255,Metallosphaera sedula,43687,2250,Unknown,97.0,96.9,0.1,0.1,2.9,1244.0,cellular organisms,Archaea,Thermoproteati,Thermoproteota,Thermoprotei,Sulfolobales,Sulfolobaceae,Metallosphaera,
UP000058613,Pyrodictium delaneyi,1273541,2035,Unknown,99.4,98.8,0.6,0.0,0.6,491.0,cellular organisms,Archaea,Thermoproteati,Thermoproteota,Thermoprotei,Desulfurococcales,Pyrodictiaceae,Pyrodictium,
UP000060043,Sulfolobus acidocaldarius,2285,2216,Unknown,95.0,94.6,0.4,0.3,4.7,1244.0,cellular organisms,Archaea,Thermoproteati,Thermoproteota,Thermoprotei,Sulfolobales,Sulfolobaceae,Sulfolobus,
UP000061362,Metallosphaera sedula,43687,2245,Unknown,96.9,96.9,0.1,0.1,3.0,1244.0,cellular organisms,Archaea,Thermoproteati,Thermoproteota,Thermoprotei,Sulfolobales,Sulfolobaceae,Metallosphaera,
UP000062398,Metallosphaera sedula,43687,2245,Unknown,96.9,96.9,0.1,0.1,3.0,1244.0,cellular organisms,Archaea,Thermoproteati,Thermoproteota,Thermoprotei,Sulfolobales,Sulfolobaceae,Metallosphaera,
UP000062475,Metallosphaera sedula,43687,2246,Unknown,96.9,96.9,0.1,0.1,3.0,1244.0,cellular organisms,Archaea,Thermoproteati,Thermoproteota,Thermoprotei,Sulfolobales,Sulfolobaceae,Metallosphaera,
UP000068832,Metallosphaera sedula,43687,2244,Unknown,96.9,96.9,0.1,0.1,3.0,1244.0,cellular organisms,Archaea,Thermoproteati,Thermoproteota,Thermoprotei,Sulfolobales,Sulfolobaceae,Metallosphaera,
UP000325030,Sulfuracidifex tepidarius,1294262,2790,Unknown,96.9,96.6,0.3,0.2,2.8,1244.0,cellular organisms,Archaea,Thermoproteati,Thermoproteota,Thermoprotei,Sulfolobales,Sulfolobaceae,Sulfuracidifex,
UP000582213,Sulfurisphaera ohwakuensis,69656,3015,Unknown,99.0,98.7,0.3,0.3,0.6,1244.0,cellular organisms,Archaea,Thermoproteati,Thermoproteota,Thermoprotei,Sulfolobales,Sulfolobaceae,Sulfurisphaera,
UP000646844,Sulfurisphaera tokodaii,111955,2636,Unknown,97.7,97.4,0.3,0.2,2.1,1244.0,cellular organisms,Archaea,Thermoproteati,Thermoproteota,Thermoprotei,Sulfolobales,Sulfolobaceae,Sulfurisphaera,
UP000651120,Pyrobaculum aerophilum,13773,2348,Unknown,95.8,95.8,0.0,0.0,4.2,404.0,cellular organisms,Archaea,Thermoproteati,Thermoproteota,Thermoprotei,Thermoproteales,Thermoproteaceae,Pyrobaculum,
UP000652307,Fervidicoccus fontis,683846,1322,Unknown,96.3,95.9,0.3,0.7,3.0,296.0,cellular organisms,Archaea,Thermoproteati,Thermoproteota,Thermoprotei,Fervidicoccales,Fervidicoccaceae,Fervidicoccus,
UP000693941,Saccharolobus shibatae,2286,3082,Unknown,97.3,97.0,0.2,0.4,2.3,1244.0,cellular organisms,Archaea,Thermoproteati,Thermoproteota,Thermoprotei,Sulfolobales,Sulfolobaceae,Saccharolobus,
UP001055531,Metallosphaera sedula,43687,2563,Unknown,98.6,98.3,0.2,0.3,1.1,1244.0,cellular organisms,Archaea,Thermoproteati,Thermoproteota,Thermoprotei,Sulfolobales,Sulfolobaceae,Metallosphaera,
UP001081105,Metallosphaera prunae,47304,2513,Unknown,98.0,92.9,5.1,0.5,1.5,1244.0,cellular organisms,Archaea,Thermoproteati,Thermoproteota,Thermoprotei,Sulfolobales,Sulfolobaceae,Metallosphaera,
UP001486506,Sulfolobus tengchongensis,207809,2796,Unknown,98.7,98.4,0.3,0.0,1.3,1244.0,cellular organisms,Archaea,Thermoproteati,Thermoproteota,Thermoprotei,Sulfolobales,Sulfolobaceae,Sulfolobus,
UP001392385,Acidilobaceae archaeon,2933264,1448,Unknown,94.9,94.6,0.3,1.0,4.1,296.0,cellular organisms,Archaea,Thermoproteati,Thermoproteota,Thermoprotei,Acidilobales,Acidilobaceae,unclassified Acidilobaceae,
UP001394737,Acidilobaceae archaeon,2933264,1224,Unknown,94.6,93.9,0.7,1.4,4.1,296.0,cellular organisms,Archaea,Thermoproteati,Thermoproteota,Thermoprotei,Acidilobales,Acidilobaceae,unclassified Acidilobaceae,
UP001395068,Acidilobaceae archaeon,2933264,1425,Unknown,95.3,94.9,0.3,1.0,3.7,296.0,cellular organisms,Archaea,Thermoproteati,Thermoproteota,Thermoprotei,Acidilobales,Acidilobaceae,unclassified Acidilobaceae,
UP001398507,Acidilobaceae archaeon,2933264,1210,Unknown,94.6,93.9,0.7,1.4,4.1,296.0,cellular organisms,Archaea,Thermoproteati,Thermoproteota,Thermoprotei,Acidilobales,Acidilobaceae,unclassified Acidilobaceae,
UP001438974,Acidilobaceae archaeon,2933264,1392,Unknown,95.3,94.9,0.3,1.4,3.4,296.0,cellular organisms,Archaea,Thermoproteati,Thermoproteota,Thermoprotei,Acidilobales,Acidilobaceae,unclassified Acidilobaceae,
UP001440685,Acidilobaceae archaeon,2933264,1441,Unknown,94.9,94.6,0.3,0.7,4.4,296.0,cellular organisms,Archaea,Thermoproteati,Thermoproteota,Thermoprotei,Acidilobales,Acidilobaceae,unclassified Acidilobaceae,
UP001441334,Acidilobaceae archaeon,2933264,1469,Unknown,95.9,95.6,0.3,1.0,3.0,296.0,cellular organisms,Archaea,Thermoproteati,Thermoproteota,Thermoprotei,Acidilobales,Acidilobaceae,unclassified Acidilobaceae,
UP001441935,Acidilobaceae archaeon,2933264,1435,Unknown,95.3,94.9,0.3,1.0,3.7,296.0,cellular organisms,Archaea,Thermoproteati,Thermoproteota,Thermoprotei,Acidilobales,Acidilobaceae,unclassified Acidilobaceae,
UP001443169,Desulfurococcaceae archaeon,2184738,1479,Unknown,93.9,93.5,0.4,1.2,4.9,491.0,cellular organisms,Archaea,Thermoproteati,Thermoproteota,Thermoprotei,Desulfurococcales,Desulfurococcaceae,unclassified Desulfurococcaceae,
UP001450882,Acidilobaceae archaeon,2933264,1434,Unknown,95.6,95.3,0.3,1.0,3.4,296.0,cellular organisms,Archaea,Thermoproteati,Thermoproteota,Thermoprotei,Acidilobales,Acidilobaceae,unclassified Acidilobaceae,
UP001454926,Acidilobaceae archaeon,2933264,1497,Unknown,95.9,95.6,0.3,1.0,3.0,296.0,cellular organisms,Archaea,Thermoproteati,Thermoproteota,Thermoprotei,Acidilobales,Acidilobaceae,unclassified Acidilobaceae,
UP001456179,Fervidicoccaceae archaeon,2614264,1189,Unknown,93.6,93.6,0.0,1.7,4.7,296.0,cellular organisms,Archaea,Thermoproteati,Thermoproteota,Thermoprotei,Fervidicoccales,Fervidicoccaceae,unclassified Fervidicoccaceae,
UP001457262,Acidilobaceae archaeon,2933264,1467,Unknown,95.3,94.9,0.3,1.0,3.7,296.0,cellular organisms,Archaea,Thermoproteati,Thermoproteota,Thermoprotei,Acidilobales,Acidilobaceae,unclassified Acidilobaceae,
UP001464659,Acidilobaceae archaeon,2933264,1398,Unknown,94.9,94.6,0.3,0.7,4.4,296.0,cellular organisms,Archaea,Thermoproteati,Thermoproteota,Thermoprotei,Acidilobales,Acidilobaceae,unclassified Acidilobaceae,
UP001469637,Desulfurococcaceae archaeon,2184738,1554,Unknown,94.5,94.1,0.4,0.6,4.9,491.0,cellular organisms,Archaea,Thermoproteati,Thermoproteota,Thermoprotei,Desulfurococcales,Desulfurococcaceae,unclassified Desulfurococcaceae,
UP001473677,Acidilobaceae archaeon,2933264,1209,Unknown,94.6,93.9,0.7,1.4,4.1,296.0,cellular organisms,Archaea,Thermoproteati,Thermoproteota,Thermoprotei,Acidilobales,Acidilobaceae,unclassified Acidilobaceae,
UP001476658,Acidilobaceae archaeon,2933264,1530,Unknown,94.9,94.6,0.3,1.7,3.4,296.0,cellular organisms,Archaea,Thermoproteati,Thermoproteota,Thermoprotei,Acidilobales,Acidilobaceae,unclassified Acidilobaceae,
UP001477915,Acidilobaceae archaeon,2933264,1441,Unknown,95.6,95.3,0.3,1.0,3.4,296.0,cellular organisms,Archaea,Thermoproteati,Thermoproteota,Thermoprotei,Acidilobales,Acidilobaceae,unclassified Acidilobaceae,
UP001479699,Acidilobaceae archaeon,2933264,1509,Unknown,95.6,95.3,0.3,1.0,3.4,296.0,cellular organisms,Archaea,Thermoproteati,Thermoproteota,Thermoprotei,Acidilobales,Acidilobaceae,unclassified Acidilobaceae,
UP001490317,Acidilobaceae archaeon,2933264,1406,Unknown,94.9,94.6,0.3,1.4,3.7,296.0,cellular organisms,Archaea,Thermoproteati,Thermoproteota,Thermoprotei,Acidilobales,Acidilobaceae,unclassified Acidilobaceae,
UP000033057,Saccharolobus solfataricus (Sulfolobus solfataricus),2287,2604,Unknown,99.3,99.1,0.2,0.1,0.6,1244.0,cellular organisms,Archaea,Thermoproteati,Thermoproteota,Thermoprotei,Sulfolobales,Sulfolobaceae,Saccharolobus,
UP000033085,Saccharolobus solfataricus (Sulfolobus solfataricus),2287,2605,Unknown,99.3,99.1,0.2,0.1,0.6,1244.0,cellular organisms,Archaea,Thermoproteati,Thermoproteota,Thermoprotei,Sulfolobales,Sulfolobaceae,Saccharolobus,
UP000033106,Saccharolobus solfataricus (Sulfolobus solfataricus),2287,2605,Unknown,99.3,99.1,0.2,0.1,0.6,1244.0,cellular organisms,Archaea,Thermoproteati,Thermoproteota,Thermoprotei,Sulfolobales,Sulfolobaceae,Saccharolobus,
UP000076770,Saccharolobus solfataricus (Sulfolobus solfataricus),2287,3266,Unknown,97.8,96.8,1.0,0.2,1.9,1244.0,cellular organisms,Archaea,Thermoproteati,Thermoproteota,Thermoprotei,Sulfolobales,Sulfolobaceae,Saccharolobus,
UP000267993,Saccharolobus solfataricus (Sulfolobus solfataricus),2287,2575,Unknown,99.4,99.2,0.2,0.1,0.6,1244.0,cellular organisms,Archaea,Thermoproteati,Thermoproteota,Thermoprotei,Sulfolobales,Sulfolobaceae,Saccharolobus,
UP000269431,Saccharolobus solfataricus (Sulfolobus solfataricus),2287,2559,Unknown,99.1,99.0,0.2,0.1,0.8,1244.0,cellular organisms,Archaea,Thermoproteati,Thermoproteota,Thermoprotei,Sulfolobales,Sulfolobaceae,Saccharolobus,
UP000273194,Saccharolobus solfataricus (Sulfolobus solfataricus),2287,2575,Unknown,99.4,99.2,0.2,0.1,0.6,1244.0,cellular organisms,Archaea,Thermoproteati,Thermoproteota,Thermoprotei,Sulfolobales,Sulfolobaceae,Saccharolobus,
UP000273443,Saccharolobus solfataricus (Sulfolobus solfataricus),2287,2565,Unknown,98.6,98.5,0.2,0.1,1.3,1244.0,cellular organisms,Archaea,Thermoproteati,Thermoproteota,Thermoprotei,Sulfolobales,Sulfolobaceae,Saccharolobus,
UP000275843,Saccharolobus solfataricus (Sulfolobus solfataricus),2287,2575,Unknown,99.4,99.2,0.2,0.1,0.6,1244.0,cellular organisms,Archaea,Thermoproteati,Thermoproteota,Thermoprotei,Sulfolobales,Sulfolobaceae,Saccharolobus,
UP000278715,Saccharolobus solfataricus (Sulfolobus solfataricus),2287,2563,Unknown,98.6,98.5,0.2,0.1,1.3,1244.0,cellular organisms,Archaea,Thermoproteati,Thermoproteota,Thermoprotei,Sulfolobales,Sulfolobaceae,Saccharolobus,
UP000282269,Saccharolobus solfataricus (Sulfolobus solfataricus),2287,2567,Unknown,98.6,98.5,0.2,0.1,1.3,1244.0,cellular organisms,Archaea,Thermoproteati,Thermoproteota,Thermoprotei,Sulfolobales,Sulfolobaceae,Saccharolobus,
UP000594632,Saccharolobus solfataricus (Sulfolobus solfataricus),2287,2735,Unknown,96.6,96.0,0.6,0.1,3.3,1244.0,cellular organisms,Archaea,Thermoproteati,Thermoproteota,Thermoprotei,Sulfolobales,Sulfolobaceae,Saccharolobus,
UP000474054,Acidianus ambivalens (Desulfurolobus ambivalens),2283,2464,Unknown,95.7,95.2,0.6,0.1,4.2,1244.0,cellular organisms,Archaea,Thermoproteati,Thermoproteota,Thermoprotei,Sulfolobales,Sulfolobaceae,Acidianus,
UP001250836,Thermoproteus sp.,2268139,2336,Unknown,98.3,98.3,0.0,0.2,1.5,404.0,cellular organisms,Archaea,Thermoproteati,Thermoproteota,Thermoprotei,Thermoproteales,Thermoproteaceae,Thermoproteus,unclassified Thermoproteus
UP001258475,Thermoproteus sp.,2268139,2330,Unknown,98.3,98.3,0.0,0.2,1.5,404.0,cellular organisms,Archaea,Thermoproteati,Thermoproteota,Thermoprotei,Thermoproteales,Thermoproteaceae,Thermoproteus,unclassified Thermoproteus
UP001366791,Sulfolobaceae archaeon RB850M,3133138,2610,Unknown,97.4,96.9,0.6,0.2,2.4,1244.0,cellular organisms,Archaea,Thermoproteati,Thermoproteota,Thermoprotei,Sulfolobales,Sulfolobaceae,unclassified Sulfolobaceae,
UP001387626,Metallosphaera sp.,2020860,2353,Unknown,98.0,97.6,0.4,0.0,2.0,1244.0,cellular organisms,Archaea,Thermoproteati,Thermoproteota,Thermoprotei,Sulfolobales,Sulfolobaceae,Metallosphaera,unclassified Metallosphaera
UP001387719,Saccharolobus sp.,2100761,2634,Unknown,98.6,98.3,0.3,0.0,1.4,1244.0,cellular organisms,Archaea,Thermoproteati,Thermoproteota,Thermoprotei,Sulfolobales,Sulfolobaceae,Saccharolobus,unclassified Saccharolobus
UP001387926,Thermofilum sp.,1961369,2740,Unknown,94.9,94.6,0.3,1.0,4.1,296.0,cellular organisms,Archaea,Thermoproteati,Thermoproteota,Thermoprotei,Thermofilales,Thermofilaceae,Thermofilum,unclassified Thermofilum
UP001388671,Metallosphaera sp.,2020860,2320,Unknown,97.9,97.5,0.4,0.1,2.0,1244.0,cellular organisms,Archaea,Thermoproteati,Thermoproteota,Thermoprotei,Sulfolobales,Sulfolobaceae,Metallosphaera,unclassified Metallosphaera
UP001388827,Pyrobaculum sp.,2004705,2293,Unknown,95.8,95.3,0.5,0.7,3.5,404.0,cellular organisms,Archaea,Thermoproteati,Thermoproteota,Thermoprotei,Thermoproteales,Thermoproteaceae,Pyrobaculum,unclassified Pyrobaculum
UP001388834,Saccharolobus sp.,2100761,2610,Unknown,98.2,98.0,0.2,0.0,1.8,1244.0,cellular organisms,Archaea,Thermoproteati,Thermoproteota,Thermoprotei,Sulfolobales,Sulfolobaceae,Saccharolobus,unclassified Saccharolobus
UP001389183,Thermosphaera sp.,2831947,1442,Unknown,95.3,95.3,0.0,0.4,4.3,491.0,cellular organisms,Archaea,Thermoproteati,Thermoproteota,Thermoprotei,Desulfurococcales,Desulfurococcaceae,Thermosphaera,unclassified Thermosphaera
UP001389248,Metallosphaera sp.,2020860,2317,Unknown,98.0,97.6,0.4,0.0,2.0,1244.0,cellular organisms,Archaea,Thermoproteati,Thermoproteota,Thermoprotei,Sulfolobales,Sulfolobaceae,Metallosphaera,unclassified Metallosphaera
UP001389388,Metallosphaera sp.,2020860,2394,Unknown,98.0,97.3,0.6,0.0,2.0,1244.0,cellular organisms,Archaea,Thermoproteati,Thermoproteota,Thermoprotei,Sulfolobales,Sulfolobaceae,Metallosphaera,unclassified Metallosphaera
UP001389669,Saccharolobus sp.,2100761,2550,Unknown,97.5,97.3,0.2,0.0,2.5,1244.0,cellular organisms,Archaea,Thermoproteati,Thermoproteota,Thermoprotei,Sulfolobales,Sulfolobaceae,Saccharolobus,unclassified Saccharolobus
UP001390033,Thermosphaera sp.,2831947,1342,Unknown,95.3,95.3,0.0,0.6,4.1,491.0,cellular organisms,Archaea,Thermoproteati,Thermoproteota,Thermoprotei,Desulfurococcales,Desulfurococcaceae,Thermosphaera,unclassified Thermosphaera
UP001390861,Metallosphaera sp.,2020860,1925,Unknown,95.2,95.0,0.2,0.0,4.8,1244.0,cellular organisms,Archaea,Thermoproteati,Thermoproteota,Thermoprotei,Sulfolobales,Sulfolobaceae,Metallosphaera,unclassified Metallosphaera
UP001391022,Saccharolobus sp.,2100761,2641,Unknown,98.4,98.1,0.3,0.0,1.6,1244.0,cellular organisms,Archaea,Thermoproteati,Thermoproteota,Thermoprotei,Sulfolobales,Sulfolobaceae,Saccharolobus,unclassified Saccharolobus
UP001391103,Metallosphaera sp.,2020860,2332,Unknown,97.9,97.5,0.4,0.0,2.1,1244.0,cellular organisms,Archaea,Thermoproteati,Thermoproteota,Thermoprotei,Sulfolobales,Sulfolobaceae,Metallosphaera,unclassified Metallosphaera
UP001392125,Saccharolobus sp.,2100761,2594,Unknown,98.4,98.1,0.3,0.1,1.5,1244.0,cellular organisms,Archaea,Thermoproteati,Thermoproteota,Thermoprotei,Sulfolobales,Sulfolobaceae,Saccharolobus,unclassified Saccharolobus
UP001392747,Metallosphaera sp.,2020860,2326,Unknown,98.0,97.6,0.4,0.0,2.0,1244.0,cellular organisms,Archaea,Thermoproteati,Thermoproteota,Thermoprotei,Sulfolobales,Sulfolobaceae,Metallosphaera,unclassified Metallosphaera
UP001393146,Saccharolobus sp.,2100761,2627,Unknown,98.4,98.1,0.3,0.1,1.5,1244.0,cellular organisms,Archaea,Thermoproteati,Thermoproteota,Thermoprotei,Sulfolobales,Sulfolobaceae,Saccharolobus,unclassified Saccharolobus
UP001393444,Thermosphaera sp.,2831947,1523,Unknown,95.7,95.3,0.4,0.2,4.1,491.0,cellular organisms,Archaea,Thermoproteati,Thermoproteota,Thermoprotei,Desulfurococcales,Desulfurococcaceae,Thermosphaera,unclassified Thermosphaera
UP001393827,Saccharolobus sp.,2100761,2678,Unknown,98.4,98.1,0.3,0.1,1.5,1244.0,cellular organisms,Archaea,Thermoproteati,Thermoproteota,Thermoprotei,Sulfolobales,Sulfolobaceae,Saccharolobus,unclassified Saccharolobus
UP001394301,Metallosphaera sp.,2020860,2323,Unknown,97.9,97.5,0.4,0.0,2.1,1244.0,cellular organisms,Archaea,Thermoproteati,Thermoproteota,Thermoprotei,Sulfolobales,Sulfolobaceae,Metallosphaera,unclassified Metallosphaera
UP001394631,Thermofilum sp.,1961369,2095,Unknown,96.3,95.9,0.3,0.3,3.4,296.0,cellular organisms,Archaea,Thermoproteati,Thermoproteota,Thermoprotei,Thermofilales,Thermofilaceae,Thermofilum,unclassified Thermofilum
UP001394740,Metallosphaera sp.,2020860,2350,Unknown,98.0,97.3,0.7,0.0,2.0,1244.0,cellular organisms,Archaea,Thermoproteati,Thermoproteota,Thermoprotei,Sulfolobales,Sulfolobaceae,Metallosphaera,unclassified Metallosphaera
UP001394953,Thermofilum sp.,1961369,1927,Unknown,96.3,95.9,0.3,0.3,3.4,296.0,cellular organisms,Archaea,Thermoproteati,Thermoproteota,Thermoprotei,Thermofilales,Thermofilaceae,Thermofilum,unclassified Thermofilum
UP001394967,Thermosphaera sp.,2831947,1418,Unknown,95.1,95.1,0.0,0.2,4.7,491.0,cellular organisms,Archaea,Thermoproteati,Thermoproteota,Thermoprotei,Desulfurococcales,Desulfurococcaceae,Thermosphaera,unclassified Thermosphaera
UP001396427,Saccharolobus sp.,2100761,2712,Unknown,98.5,98.2,0.3,0.0,1.5,1244.0,cellular organisms,Archaea,Thermoproteati,Thermoproteota,Thermoprotei,Sulfolobales,Sulfolobaceae,Saccharolobus,unclassified Saccharolobus
UP001397579,Saccharolobus sp.,2100761,2623,Unknown,98.5,98.2,0.3,0.0,1.5,1244.0,cellular organisms,Archaea,Thermoproteati,Thermoproteota,Thermoprotei,Sulfolobales,Sulfolobaceae,Saccharolobus,unclassified Saccharolobus
UP001397642,Saccharolobus sp.,2100761,2803,Unknown,96.3,95.5,0.8,0.1,3.6,1244.0,cellular organisms,Archaea,Thermoproteati,Thermoproteota,Thermoprotei,Sulfolobales,Sulfolobaceae,Saccharolobus,unclassified Saccharolobus
UP001398447,Metallosphaera sp.,2020860,2456,Unknown,98.0,97.5,0.5,0.1,1.9,1244.0,cellular organisms,Archaea,Thermoproteati,Thermoproteota,Thermoprotei,Sulfolobales,Sulfolobaceae,Metallosphaera,unclassified Metallosphaera
UP001399238,Saccharolobus sp.,2100761,2891,Unknown,98.5,97.4,1.0,0.0,1.5,1244.0,cellular organisms,Archaea,Thermoproteati,Thermoproteota,Thermoprotei,Sulfolobales,Sulfolobaceae,Saccharolobus,unclassified Saccharolobus
UP001399293,Metallosphaera sp.,2020860,2273,Unknown,96.9,96.5,0.4,0.3,2.7,1244.0,cellular organisms,Archaea,Thermoproteati,Thermoproteota,Thermoprotei,Sulfolobales,Sulfolobaceae,Metallosphaera,unclassified Metallosphaera
UP001432083,Candidatus Calypsonella navitae,3144226,1760,Unknown,95.9,95.9,0.0,1.7,2.4,296.0,cellular organisms,Archaea,Thermoproteati,Thermoproteota,Thermoprotei,Acidilobales,Acidilobaceae,Candidatus Calypsonella,
UP001432227,Candidatus Hestiella acidicharens,3144225,1442,Unknown,94.3,93.9,0.3,1.0,4.7,296.0,cellular organisms,Archaea,Thermoproteati,Thermoproteota,Thermoprotei,Acidilobales,Acidilobaceae,Candidatus Hestiella,
UP001433022,Metallosphaera sp.,2020860,1817,Unknown,95.9,95.9,0.0,0.4,3.7,1244.0,cellular organisms,Archaea,Thermoproteati,Thermoproteota,Thermoprotei,Sulfolobales,Sulfolobaceae,Metallosphaera,unclassified Metallosphaera
UP001433315,Thermoproteus sp.,2268139,2235,Unknown,99.3,99.3,0.0,0.2,0.5,404.0,cellular organisms,Archaea,Thermoproteati,Thermoproteota,Thermoprotei,Thermoproteales,Thermoproteaceae,Thermoproteus,unclassified Thermoproteus
UP001435079,Desulfurococcus sp.,51678,1724,Unknown,98.0,97.6,0.4,0.2,1.8,491.0,cellular organisms,Archaea,Thermoproteati,Thermoproteota,Thermoprotei,Desulfurococcales,Desulfurococcaceae,Desulfurococcus,unclassified Desulfurococcus
UP001435239,Metallosphaera sp.,2020860,2302,Unknown,95.9,95.5,0.4,0.1,4.0,1244.0,cellular organisms,Archaea,Thermoproteati,Thermoproteota,Thermoprotei,Sulfolobales,Sulfolobaceae,Metallosphaera,unclassified Metallosphaera
UP001435956,Thermoproteus sp.,2268139,2201,Unknown,98.5,98.5,0.0,0.2,1.2,404.0,cellular organisms,Archaea,Thermoproteati,Thermoproteota,Thermoprotei,Thermoproteales,Thermoproteaceae,Thermoproteus,unclassified Thermoproteus
UP001440670,Thermofilum sp.,1961369,1946,Unknown,95.9,94.3,1.7,0.7,3.4,296.0,cellular organisms,Archaea,Thermoproteati,Thermoproteota,Thermoprotei,Thermofilales,Thermofilaceae,Thermofilum,unclassified Thermofilum
UP001441854,Thermoproteus sp.,2268139,2213,Unknown,99.3,99.3,0.0,0.2,0.5,404.0,cellular organisms,Archaea,Thermoproteati,Thermoproteota,Thermoprotei,Thermoproteales,Thermoproteaceae,Thermoproteus,unclassified Thermoproteus
UP001442563,Saccharolobus sp.,2100761,2447,Unknown,98.3,98.1,0.2,0.0,1.7,1244.0,cellular organisms,Archaea,Thermoproteati,Thermoproteota,Thermoprotei,Sulfolobales,Sulfolobaceae,Saccharolobus,unclassified Saccharolobus
UP001445232,Metallosphaera sp.,2020860,2329,Unknown,97.7,97.3,0.4,0.0,2.3,1244.0,cellular organisms,Archaea,Thermoproteati,Thermoproteota,Thermoprotei,Sulfolobales,Sulfolobaceae,Metallosphaera,unclassified Metallosphaera
UP001446187,Metallosphaera sp.,2020860,2212,Unknown,97.7,97.6,0.2,0.0,2.3,1244.0,cellular organisms,Archaea,Thermoproteati,Thermoproteota,Thermoprotei,Sulfolobales,Sulfolobaceae,Metallosphaera,unclassified Metallosphaera
UP001447044,Thermoproteus sp.,2268139,2319,Unknown,99.0,99.0,0.0,0.2,0.7,404.0,cellular organisms,Archaea,Thermoproteati,Thermoproteota,Thermoprotei,Thermoproteales,Thermoproteaceae,Thermoproteus,unclassified Thermoproteus
UP001451771,Metallosphaera sp.,2020860,2325,Unknown,98.0,97.5,0.5,0.0,2.0,1244.0,cellular organisms,Archaea,Thermoproteati,Thermoproteota,Thermoprotei,Sulfolobales,Sulfolobaceae,Metallosphaera,unclassified Metallosphaera
UP001453408,Metallosphaera sp.,2020860,1994,Unknown,97.4,97.3,0.2,0.2,2.4,1244.0,cellular organisms,Archaea,Thermoproteati,Thermoproteota,Thermoprotei,Sulfolobales,Sulfolobaceae,Metallosphaera,unclassified Metallosphaera
UP001454244,Pyrobaculum sp.,2004705,2551,Unknown,95.5,94.8,0.7,0.5,4.0,404.0,cellular organisms,Archaea,Thermoproteati,Thermoproteota,Thermoprotei,Thermoproteales,Thermoproteaceae,Pyrobaculum,unclassified Pyrobaculum
UP001454273,Saccharolobus sp.,2100761,2414,Unknown,96.9,96.6,0.2,0.0,3.1,1244.0,cellular organisms,Archaea,Thermoproteati,Thermoproteota,Thermoprotei,Sulfolobales,Sulfolobaceae,Saccharolobus,unclassified Saccharolobus
UP001456277,Metallosphaera sp.,2020860,2473,Unknown,98.0,97.6,0.4,0.0,2.0,1244.0,cellular organisms,Archaea,Thermoproteati,Thermoproteota,Thermoprotei,Sulfolobales,Sulfolobaceae,Metallosphaera,unclassified Metallosphaera
UP001457139,Thermoproteus sp.,2268139,2208,Unknown,99.3,99.3,0.0,0.2,0.5,404.0,cellular organisms,Archaea,Thermoproteati,Thermoproteota,Thermoprotei,Thermoproteales,Thermoproteaceae,Thermoproteus,unclassified Thermoproteus
UP001458431,Thermosphaera sp.,2831947,1434,Unknown,96.3,96.3,0.0,0.2,3.5,491.0,cellular organisms,Archaea,Thermoproteati,Thermoproteota,Thermoprotei,Desulfurococcales,Desulfurococcaceae,Thermosphaera,unclassified Thermosphaera
UP001459771,Metallosphaera sp.,2020860,2324,Unknown,98.0,97.6,0.4,0.0,2.0,1244.0,cellular organisms,Archaea,Thermoproteati,Thermoproteota,Thermoprotei,Sulfolobales,Sulfolobaceae,Metallosphaera,unclassified Metallosphaera
UP001460167,Thermofilum sp.,1961369,1966,Unknown,95.6,94.6,1.0,0.7,3.7,296.0,cellular organisms,Archaea,Thermoproteati,Thermoproteota,Thermoprotei,Thermofilales,Thermofilaceae,Thermofilum,unclassified Thermofilum
UP001460538,Saccharolobus sp.,2100761,2560,Unknown,98.1,97.7,0.3,0.0,1.9,1244.0,cellular organisms,Archaea,Thermoproteati,Thermoproteota,Thermoprotei,Sulfolobales,Sulfolobaceae,Saccharolobus,unclassified Saccharolobus
UP001460711,Metallosphaera sp.,2020860,2304,Unknown,98.0,97.7,0.2,0.0,2.0,1244.0,cellular organisms,Archaea,Thermoproteati,Thermoproteota,Thermoprotei,Sulfolobales,Sulfolobaceae,Metallosphaera,unclassified Metallosphaera
UP001460854,Metallosphaera sp.,2020860,2287,Unknown,98.0,97.7,0.2,0.0,2.0,1244.0,cellular organisms,Archaea,Thermoproteati,Thermoproteota,Thermoprotei,Sulfolobales,Sulfolobaceae,Metallosphaera,unclassified Metallosphaera
UP001462895,Metallosphaera sp.,2020860,2347,Unknown,97.9,97.5,0.4,0.1,2.0,1244.0,cellular organisms,Archaea,Thermoproteati,Thermoproteota,Thermoprotei,Sulfolobales,Sulfolobaceae,Metallosphaera,unclassified Metallosphaera
UP001463166,Saccharolobus sp.,2100761,2630,Unknown,98.4,98.1,0.3,0.0,1.6,1244.0,cellular organisms,Archaea,Thermoproteati,Thermoproteota,Thermoprotei,Sulfolobales,Sulfolobaceae,Saccharolobus,unclassified Saccharolobus
UP001464015,Metallosphaera sp.,2020860,2476,Unknown,98.1,97.6,0.5,0.0,1.9,1244.0,cellular organisms,Archaea,Thermoproteati,Thermoproteota,Thermoprotei,Sulfolobales,Sulfolobaceae,Metallosphaera,unclassified Metallosphaera
UP001466965,Metallosphaera sp.,2020860,2350,Unknown,98.0,97.6,0.4,0.0,2.0,1244.0,cellular organisms,Archaea,Thermoproteati,Thermoproteota,Thermoprotei,Sulfolobales,Sulfolobaceae,Metallosphaera,unclassified Metallosphaera
UP001467137,Saccharolobus sp.,2100761,2775,Unknown,98.5,97.6,0.9,0.0,1.5,1244.0,cellular organisms,Archaea,Thermoproteati,Thermoproteota,Thermoprotei,Sulfolobales,Sulfolobaceae,Saccharolobus,unclassified Saccharolobus
UP001468012,Desulfurococcus sp.,51678,1506,Unknown,95.5,95.1,0.4,0.8,3.7,491.0,cellular organisms,Archaea,Thermoproteati,Thermoproteota,Thermoprotei,Desulfurococcales,Desulfurococcaceae,Desulfurococcus,unclassified Desulfurococcus
UP001468352,Saccharolobus sp.,2100761,2557,Unknown,98.5,98.2,0.3,0.0,1.5,1244.0,cellular organisms,Archaea,Thermoproteati,Thermoproteota,Thermoprotei,Sulfolobales,Sulfolobaceae,Saccharolobus,unclassified Saccharolobus
UP001468385,Metallosphaera sp.,2020860,2485,Unknown,97.9,97.2,0.7,0.0,2.1,1244.0,cellular organisms,Archaea,Thermoproteati,Thermoproteota,Thermoprotei,Sulfolobales,Sulfolobaceae,Metallosphaera,unclassified Metallosphaera
UP001468718,Thermofilum sp.,1961369,1844,Unknown,95.3,95.3,0.0,0.7,4.1,296.0,cellular organisms,Archaea,Thermoproteati,Thermoproteota,Thermoprotei,Thermofilales,Thermofilaceae,Thermofilum,unclassified Thermofilum
UP001470492,Metallosphaera sp.,2020860,2337,Unknown,97.7,97.3,0.4,0.2,2.0,1244.0,cellular organisms,Archaea,Thermoproteati,Thermoproteota,Thermoprotei,Sulfolobales,Sulfolobaceae,Metallosphaera,unclassified Metallosphaera
UP001470506,Thermofilum sp.,1961369,1890,Unknown,95.6,95.3,0.3,0.3,4.1,296.0,cellular organisms,Archaea,Thermoproteati,Thermoproteota,Thermoprotei,Thermofilales,Thermofilaceae,Thermofilum,unclassified Thermofilum
UP001470518,Thermoproteus sp.,2268139,2213,Unknown,99.3,99.3,0.0,0.2,0.5,404.0,cellular organisms,Archaea,Thermoproteati,Thermoproteota,Thermoprotei,Thermoproteales,Thermoproteaceae,Thermoproteus,unclassified Thermoproteus
UP001471073,Metallosphaera sp.,2020860,2309,Unknown,97.8,97.7,0.2,0.0,2.2,1244.0,cellular organisms,Archaea,Thermoproteati,Thermoproteota,Thermoprotei,Sulfolobales,Sulfolobaceae,Metallosphaera,unclassified Metallosphaera
UP001471987,Saccharolobus sp.,2100761,2658,Unknown,98.5,98.2,0.3,0.0,1.5,1244.0,cellular organisms,Archaea,Thermoproteati,Thermoproteota,Thermoprotei,Sulfolobales,Sulfolobaceae,Saccharolobus,unclassified Saccharolobus
UP001473379,Saccharolobus sp.,2100761,2683,Unknown,98.6,98.1,0.6,0.0,1.4,1244.0,cellular organisms,Archaea,Thermoproteati,Thermoproteota,Thermoprotei,Sulfolobales,Sulfolobaceae,Saccharolobus,unclassified Saccharolobus
UP001473431,Metallosphaera sp.,2020860,2253,Unknown,94.4,90.4,3.9,0.8,4.8,1244.0,cellular organisms,Archaea,Thermoproteati,Thermoproteota,Thermoprotei,Sulfolobales,Sulfolobaceae,Metallosphaera,unclassified Metallosphaera
UP001474478,Saccharolobus sp.,2100761,2614,Unknown,98.5,98.2,0.3,0.0,1.5,1244.0,cellular organisms,Archaea,Thermoproteati,Thermoproteota,Thermoprotei,Sulfolobales,Sulfolobaceae,Saccharolobus,unclassified Saccharolobus
UP001475068,Metallosphaera sp.,2020860,2364,Unknown,98.0,97.6,0.4,0.0,2.0,1244.0,cellular organisms,Archaea,Thermoproteati,Thermoproteota,Thermoprotei,Sulfolobales,Sulfolobaceae,Metallosphaera,unclassified Metallosphaera
UP001475283,Metallosphaera sp.,2020860,2337,Unknown,98.0,97.6,0.4,0.1,1.9,1244.0,cellular organisms,Archaea,Thermoproteati,Thermoproteota,Thermoprotei,Sulfolobales,Sulfolobaceae,Metallosphaera,unclassified Metallosphaera
UP001477509,Saccharolobus sp.,2100761,2502,Unknown,96.0,95.7,0.3,0.0,4.0,1244.0,cellular organisms,Archaea,Thermoproteati,Thermoproteota,Thermoprotei,Sulfolobales,Sulfolobaceae,Saccharolobus,unclassified Saccharolobus
UP001477816,Metallosphaera sp.,2020860,2353,Unknown,97.9,97.5,0.4,0.0,2.1,1244.0,cellular organisms,Archaea,Thermoproteati,Thermoproteota,Thermoprotei,Sulfolobales,Sulfolobaceae,Metallosphaera,unclassified Metallosphaera
UP001477840,Metallosphaera sp.,2020860,1822,Unknown,96.2,96.1,0.1,0.2,3.6,1244.0,cellular organisms,Archaea,Thermoproteati,Thermoproteota,Thermoprotei,Sulfolobales,Sulfolobaceae,Metallosphaera,unclassified Metallosphaera
UP001479333,Thermosphaera sp.,2831947,1429,Unknown,94.9,94.7,0.2,1.2,3.9,491.0,cellular organisms,Archaea,Thermoproteati,Thermoproteota,Thermoprotei,Desulfurococcales,Desulfurococcaceae,Thermosphaera,unclassified Thermosphaera
UP001480387,Saccharolobus sp.,2100761,2510,Unknown,96.9,96.5,0.3,0.0,3.1,1244.0,cellular organisms,Archaea,Thermoproteati,Thermoproteota,Thermoprotei,Sulfolobales,Sulfolobaceae,Saccharolobus,unclassified Saccharolobus
UP001480400,Thermoproteus sp.,2268139,2209,Unknown,99.3,99.3,0.0,0.2,0.5,404.0,cellular organisms,Archaea,Thermoproteati,Thermoproteota,Thermoprotei,Thermoproteales,Thermoproteaceae,Thermoproteus,unclassified Thermoproteus
UP001480686,Metallosphaera sp.,2020860,2210,Unknown,95.3,95.1,0.2,0.1,4.6,1244.0,cellular organisms,Archaea,Thermoproteati,Thermoproteota,Thermoprotei,Sulfolobales,Sulfolobaceae,Metallosphaera,unclassified Metallosphaera
UP001481552,Desulfurococcus sp.,51678,1576,Unknown,96.7,96.5,0.2,0.8,2.4,491.0,cellular organisms,Archaea,Thermoproteati,Thermoproteota,Thermoprotei,Desulfurococcales,Desulfurococcaceae,Desulfurococcus,unclassified Desulfurococcus
UP001481615,Saccharolobus sp.,2100761,2487,Unknown,97.2,96.9,0.3,0.0,2.8,1244.0,cellular organisms,Archaea,Thermoproteati,Thermoproteota,Thermoprotei,Sulfolobales,Sulfolobaceae,Saccharolobus,unclassified Saccharolobus
UP001481823,Thermosphaera sp.,2831947,1521,Unknown,95.7,95.7,0.0,0.4,3.9,491.0,cellular organisms,Archaea,Thermoproteati,Thermoproteota,Thermoprotei,Desulfurococcales,Desulfurococcaceae,Thermosphaera,unclassified Thermosphaera
UP001482152,Metallosphaera sp.,2020860,2323,Unknown,98.0,97.6,0.4,0.0,2.0,1244.0,cellular organisms,Archaea,Thermoproteati,Thermoproteota,Thermoprotei,Sulfolobales,Sulfolobaceae,Metallosphaera,unclassified Metallosphaera
UP001483765,Metallosphaera sp.,2020860,2346,Unknown,97.9,97.5,0.4,0.1,2.0,1244.0,cellular organisms,Archaea,Thermoproteati,Thermoproteota,Thermoprotei,Sulfolobales,Sulfolobaceae,Metallosphaera,unclassified Metallosphaera
UP001484068,Metallosphaera sp.,2020860,2377,Unknown,98.0,97.6,0.4,0.0,2.0,1244.0,cellular organisms,Archaea,Thermoproteati,Thermoproteota,Thermoprotei,Sulfolobales,Sulfolobaceae,Metallosphaera,unclassified Metallosphaera
UP001486977,Metallosphaera sp.,2020860,2388,Unknown,98.0,97.6,0.4,0.0,2.0,1244.0,cellular organisms,Archaea,Thermoproteati,Thermoproteota,Thermoprotei,Sulfolobales,Sulfolobaceae,Metallosphaera,unclassified Metallosphaera
UP001488138,Saccharolobus sp.,2100761,2511,Unknown,98.0,97.7,0.3,0.2,1.8,1244.0,cellular organisms,Archaea,Thermoproteati,Thermoproteota,Thermoprotei,Sulfolobales,Sulfolobaceae,Saccharolobus,unclassified Saccharolobus
UP001488154,Metallosphaera sp.,2020860,2338,Unknown,98.0,97.6,0.4,0.0,2.0,1244.0,cellular organisms,Archaea,Thermoproteati,Thermoproteota,Thermoprotei,Sulfolobales,Sulfolobaceae,Metallosphaera,unclassified Metallosphaera
UP001488813,Desulfurococcus sp.,51678,1668,Unknown,95.7,94.9,0.8,0.8,3.5,491.0,cellular organisms,Archaea,Thermoproteati,Thermoproteota,Thermoprotei,Desulfurococcales,Desulfurococcaceae,Desulfurococcus,unclassified Desulfurococcus
UP001489544,Thermoproteus sp.,2268139,2318,Unknown,99.3,99.3,0.0,0.2,0.5,404.0,cellular organisms,Archaea,Thermoproteati,Thermoproteota,Thermoprotei,Thermoproteales,Thermoproteaceae,Thermoproteus,unclassified Thermoproteus
UP001490913,Thermofilum sp.,1961369,1868,Unknown,96.3,95.9,0.3,0.3,3.4,296.0,cellular organisms,Archaea,Thermoproteati,Thermoproteota,Thermoprotei,Thermofilales,Thermofilaceae,Thermofilum,unclassified Thermofilum
UP001491210,Metallosphaera sp.,2020860,2313,Unknown,98.0,97.6,0.4,0.0,2.0,1244.0,cellular organisms,Archaea,Thermoproteati,Thermoproteota,Thermoprotei,Sulfolobales,Sulfolobaceae,Metallosphaera,unclassified Metallosphaera
UP001491543,Metallosphaera sp.,2020860,2330,Unknown,97.9,97.5,0.4,0.1,2.0,1244.0,cellular organisms,Archaea,Thermoproteati,Thermoproteota,Thermoprotei,Sulfolobales,Sulfolobaceae,Metallosphaera,unclassified Metallosphaera
UP001493794,Desulfurococcus sp.,51678,1433,Unknown,94.1,94.1,0.0,1.0,4.9,491.0,cellular organisms,Archaea,Thermoproteati,Thermoproteota,Thermoprotei,Desulfurococcales,Desulfurococcaceae,Desulfurococcus,unclassified Desulfurococcus
UP001494216,Metallosphaera sp.,2020860,2322,Unknown,98.0,97.6,0.4,0.0,2.0,1244.0,cellular organisms,Archaea,Thermoproteati,Thermoproteota,Thermoprotei,Sulfolobales,Sulfolobaceae,Metallosphaera,unclassified Metallosphaera
UP001495418,Desulfurococcus sp.,51678,1597,Unknown,96.3,94.9,1.4,1.0,2.6,491.0,cellular organisms,Archaea,Thermoproteati,Thermoproteota,Thermoprotei,Desulfurococcales,Desulfurococcaceae,Desulfurococcus,unclassified Desulfurococcus
UP000011281,Sulfolobus acidocaldarius N8,1028566,2275,Unknown,95.2,94.9,0.3,0.6,4.3,1244.0,cellular organisms,Archaea,Thermoproteati,Thermoproteota,Thermoprotei,Sulfolobales,Sulfolobaceae,Sulfolobus,Sulfolobus acidocaldarius
UP000060777,Sulfolobus acidocaldarius SUSAZ,1435377,2146,Unknown,94.7,94.4,0.3,0.6,4.7,1244.0,cellular organisms,Archaea,Thermoproteati,Thermoproteota,Thermoprotei,Sulfolobales,Sulfolobaceae,Sulfolobus,Sulfolobus acidocaldarius
UP000062500,Pyrobaculum sp. WP30,1227555,2216,Unknown,96.0,95.8,0.2,0.0,4.0,404.0,cellular organisms,Archaea,Thermoproteati,Thermoproteota,Thermoprotei,Thermoproteales,Thermoproteaceae,Pyrobaculum,unclassified Pyrobaculum
UP000234272,Vulcanisaeta sp. EB80,1650660,2397,Unknown,95.5,92.8,2.7,0.2,4.2,404.0,cellular organisms,Archaea,Thermoproteati,Thermoproteota,Thermoprotei,Thermoproteales,Thermoproteaceae,Vulcanisaeta,unclassified Vulcanisaeta
UP000234583,Thermofilum sp. NZ13,1980981,1929,Unknown,95.6,95.3,0.3,0.0,4.4,296.0,cellular organisms,Archaea,Thermoproteati,Thermoproteota,Thermoprotei,Thermofilales,Thermofilaceae,Thermofilum,unclassified Thermofilum
UP001201893,Infirmifilum sp. NZ,2926850,1926,Unknown,94.9,94.9,0.0,0.7,4.4,296.0,cellular organisms,Archaea,Thermoproteati,Thermoproteota,Thermoprotei,Thermofilales,Thermofilaceae,Infirmifilum,unclassified Infirmifilum
UP001361326,Stygiolobus sp. CP8521M,3133136,2427,Unknown,96.1,95.9,0.2,0.2,3.7,1244.0,cellular organisms,Archaea,Thermoproteati,Thermoproteota,Thermoprotei,Sulfolobales,Sulfolobaceae,Stygiolobus,unclassified Stygiolobus
UP001370642,Stygiolobus sp. CP859M,3133135,2436,Unknown,96.6,96.5,0.2,0.2,3.1,1244.0,cellular organisms,Archaea,Thermoproteati,Thermoproteota,Thermoprotei,Sulfolobales,Sulfolobaceae,Stygiolobus,unclassified Stygiolobus
UP000011280,Sulfolobus acidocaldarius Ron12/I,1028567,2317,Unknown,95.7,95.3,0.3,0.5,3.9,1244.0,cellular organisms,Archaea,Thermoproteati,Thermoproteota,Thermoprotei,Sulfolobales,Sulfolobaceae,Sulfolobus,Sulfolobus acidocaldarius
UP000013006,Saccharolobus islandicus LAL14/1,1241935,2591,Unknown,97.7,97.6,0.1,1.0,1.3,1244.0,cellular organisms,Archaea,Thermoproteati,Thermoproteota,Thermoprotei,Sulfolobales,Sulfolobaceae,Saccharolobus,Saccharolobus islandicus
UP000657075,Vulcanisaeta souniana JCM 11219,1293586,2565,Unknown,98.8,98.0,0.7,0.7,0.5,404.0,cellular organisms,Archaea,Thermoproteati,Thermoproteota,Thermoprotei,Thermoproteales,Thermoproteaceae,Vulcanisaeta,Vulcanisaeta souniana
UP000017902,uncultured Acidilobus sp. MG,1410573,1782,Unknown,96.6,95.6,1.0,2.0,1.4,296.0,cellular organisms,Archaea,Thermoproteati,Thermoproteota,Thermoprotei,Acidilobales,Acidilobaceae,Acidilobus,environmental samples
UP000017934,uncultured Acidilobus sp. CIS,1410574,1670,Unknown,90.5,90.5,0.0,5.4,4.1,296.0,cellular organisms,Archaea,Thermoproteati,Thermoproteota,Thermoprotei,Acidilobales,Acidilobaceae,Acidilobus,environmental samples
UP000018188,uncultured Acidilobus sp. JCHS,1410576,1633,Unknown,96.3,95.9,0.3,1.7,2.0,296.0,cellular organisms,Archaea,Thermoproteati,Thermoproteota,Thermoprotei,Acidilobales,Acidilobaceae,Acidilobus,environmental samples
UP000500728,Sulfolobus sp. S-194,2512240,2693,Unknown,99.3,98.8,0.5,0.0,0.7,1244.0,cellular organisms,Archaea,Thermoproteati,Thermoproteota,Thermoprotei,Sulfolobales,Sulfolobaceae,Sulfolobus,unclassified Sulfolobus
UP001221761,Desulfurococcaceae archaeon MEX13E-LK6-19,2822207,1898,Unknown,97.1,96.7,0.4,0.0,2.9,491.0,cellular organisms,Archaea,Thermoproteati,Thermoproteota,Thermoprotei,Desulfurococcales,Desulfurococcaceae,unclassified Desulfurococcaceae,
UP001320380,Acidianus sp. HS-5,2886040,2852,Unknown,96.9,95.9,1.0,0.7,2.3,1244.0,cellular organisms,Archaea,Thermoproteati,Thermoproteota,Thermoprotei,Sulfolobales,Sulfolobaceae,Acidianus,unclassified Acidianus
UP000347496,Saccharolobus sp. E5-1-F,2663019,2440,Unknown,97.8,97.6,0.2,0.1,2.1,1244.0,cellular organisms,Archaea,Thermoproteati,Thermoproteota,Thermoprotei,Sulfolobales,Sulfolobaceae,Saccharolobus,unclassified Saccharolobus
UP001320311,Metallosphaera javensis (ex Sakai et al. 2022),2775498,2893,Unknown,98.1,97.8,0.2,0.3,1.6,1244.0,cellular organisms,Archaea,Thermoproteati,Thermoproteota,Thermoprotei,Sulfolobales,Sulfolobaceae,Metallosphaera,
UP000002664,Saccharolobus islandicus (strain REY15A) (Sulfolobus islandicus),930945,2631,Unknown,98.2,98.2,0.1,0.2,1.5,1244.0,cellular organisms,Archaea,Thermoproteati,Thermoproteota,Thermoprotei,Sulfolobales,Sulfolobaceae,Saccharolobus,Saccharolobus islandicus
UP001202699,Candidatus Aramenus sp. CH1,3242752,2165,Unknown,96.7,96.1,0.6,0.3,3.0,1244.0,cellular organisms,Archaea,Thermoproteati,Thermoproteota,Thermoprotei,Sulfolobales,Sulfolobaceae,Candidatus Aramenus,unclassified Candidatus Aramenus
UP001302395,Sulfuracidifex metallicus DSM 6482 = JCM 9184,523847,2268,Unknown,96.0,95.7,0.2,0.3,3.7,1244.0,cellular organisms,Archaea,Thermoproteati,Thermoproteota,Thermoprotei,Sulfolobales,Sulfolobaceae,Sulfuracidifex,Sulfuracidifex metallicus
UP000001567,Pyrobaculum arsenaticum (strain DSM 13514 / JCM 11321 / PZ6),340102,2296,Unknown,97.5,97.3,0.2,0.0,2.5,404.0,cellular organisms,Archaea,Thermoproteati,Thermoproteota,Thermoprotei,Thermoproteales,Thermoproteaceae,Pyrobaculum,Pyrobaculum arsenaticum
UP000002307,Saccharolobus islandicus (strain M.16.27) (Sulfolobus islandicus),427318,2650,Unknown,99.1,99.0,0.2,0.2,0.7,1244.0,cellular organisms,Archaea,Thermoproteati,Thermoproteota,Thermoprotei,Sulfolobales,Sulfolobaceae,Saccharolobus,Saccharolobus islandicus
UP000001350,Saccharolobus islandicus (strain M.14.25 / Kamchatka #1) (Sulfolobus islandicus),427317,2597,Unknown,99.4,99.2,0.2,0.2,0.5,1244.0,cellular organisms,Archaea,Thermoproteati,Thermoproteota,Thermoprotei,Sulfolobales,Sulfolobaceae,Saccharolobus,Saccharolobus islandicus
UP000001479,Saccharolobus islandicus (strain M.16.4 / Kamchatka #3) (Sulfolobus islandicus),426118,2729,Unknown,98.7,98.6,0.1,0.2,1.1,1244.0,cellular organisms,Archaea,Thermoproteati,Thermoproteota,Thermoprotei,Sulfolobales,Sulfolobaceae,Saccharolobus,Saccharolobus islandicus
UP001401382,Candidatus Methanosuratincola petrocarbonis,1867261,1981,Unknown,96.4,93.3,3.1,1.5,2.1,194.0,cellular organisms,Archaea,Thermoproteati,Thermoproteota,Candidatus Methanosuratincolia,Candidatus Methanosuratincolales,Candidatus Methanosuratincolaceae,Candidatus Methanosuratincola (ex Wu et al. 2024),
UP001404120,Candidatus Methanosuratincola petrocarbonis,1867261,1790,Unknown,92.8,90.7,2.1,3.6,3.6,194.0,cellular organisms,Archaea,Thermoproteati,Thermoproteota,Candidatus Methanosuratincolia,Candidatus Methanosuratincolales,Candidatus Methanosuratincolaceae,Candidatus Methanosuratincola (ex Wu et al. 2024),
UP001405089,Candidatus Methanosuratincola petrocarbonis,1867261,1613,Unknown,96.9,95.4,1.5,1.0,2.1,194.0,cellular organisms,Archaea,Thermoproteati,Thermoproteota,Candidatus Methanosuratincolia,Candidatus Methanosuratincolales,Candidatus Methanosuratincolaceae,Candidatus Methanosuratincola (ex Wu et al. 2024),
UP001419436,Candidatus Methanosuratincola petrocarbonis,1867261,1559,Unknown,97.4,96.4,1.0,0.5,2.1,194.0,cellular organisms,Archaea,Thermoproteati,Thermoproteota,Candidatus Methanosuratincolia,Candidatus Methanosuratincolales,Candidatus Methanosuratincolaceae,Candidatus Methanosuratincola (ex Wu et al. 2024),
UP001419486,Candidatus Methanosuratincola petrocarbonis,1867261,1557,Unknown,96.9,95.4,1.5,1.0,2.1,194.0,cellular organisms,Archaea,Thermoproteati,Thermoproteota,Candidatus Methanosuratincolia,Candidatus Methanosuratincolales,Candidatus Methanosuratincolaceae,Candidatus Methanosuratincola (ex Wu et al. 2024),
UP001427024,Candidatus Methanosuratincola petrocarbonis,1867261,1664,Unknown,95.4,93.8,1.5,2.1,2.6,194.0,cellular organisms,Archaea,Thermoproteati,Thermoproteota,Candidatus Methanosuratincolia,Candidatus Methanosuratincolales,Candidatus Methanosuratincolaceae,Candidatus Methanosuratincola (ex Wu et al. 2024),
UP000001404,Saccharolobus islandicus (strain L.D.8.5 / Lassen #2) (Sulfolobus islandicus),425944,2940,Unknown,97.6,97.6,0.0,0.4,2.0,1244.0,cellular organisms,Archaea,Thermoproteati,Thermoproteota,Thermoprotei,Sulfolobales,Sulfolobaceae,Saccharolobus,Saccharolobus islandicus
UP000001747,Saccharolobus islandicus (strain L.S.2.15 / Lassen #1) (Sulfolobus islandicus),429572,2725,Unknown,99.1,99.0,0.1,0.2,0.7,1244.0,cellular organisms,Archaea,Thermoproteati,Thermoproteota,Thermoprotei,Sulfolobales,Sulfolobaceae,Saccharolobus,Saccharolobus islandicus
UP000002308,Saccharolobus islandicus (strain Y.G.57.14 / Yellowstone #1) (Sulfolobus islandicus),439386,2878,Unknown,98.7,98.5,0.2,0.3,1.0,1244.0,cellular organisms,Archaea,Thermoproteati,Thermoproteota,Thermoprotei,Sulfolobales,Sulfolobaceae,Saccharolobus,Saccharolobus islandicus
UP000006818,Saccharolobus islandicus (strain Y.N.15.51 / Yellowstone #2) (Sulfolobus islandicus),419942,2853,Unknown,98.4,98.2,0.2,0.2,1.4,1244.0,cellular organisms,Archaea,Thermoproteati,Thermoproteota,Thermoprotei,Sulfolobales,Sulfolobaceae,Saccharolobus,Saccharolobus islandicus
UP001357445,Metallosphaera sedula (strain ATCC 51363 / DSM 5348 / JCM 9185 / NBRC 15509 / TH2),399549,2339,Unknown,98.0,97.7,0.2,0.2,1.8,1244.0,cellular organisms,Archaea,Thermoproteati,Thermoproteota,Thermoprotei,Sulfolobales,Sulfolobaceae,Metallosphaera,Metallosphaera sedula
UP000006903,Desulfurococcus amylolyticus (strain DSM 18924 / JCM 16383 / VKM B-2413 / 1221n) (Desulfurococcus kamchatkensis),490899,1470,Unknown,95.5,95.5,0.0,1.0,3.5,491.0,cellular organisms,Archaea,Thermoproteati,Thermoproteota,Thermoprotei,Desulfurococcales,Desulfurococcaceae,Desulfurococcus,Desulfurococcus amylolyticus
UP001317520,Sulfolobus acidocaldarius (strain ATCC 33909 / DSM 639 / JCM 8929 / NBRC 15157 / NCIMB 11770),330779,2257,Unknown,96.3,96.0,0.3,0.2,3.5,1244.0,cellular organisms,Archaea,Thermoproteati,Thermoproteota,Thermoprotei,Sulfolobales,Sulfolobaceae,Sulfolobus,Sulfolobus acidocaldarius
UP000694018,Saccharolobus shibatae (strain ATCC 51178 / DSM 5389 / JCM 8931 / NBRC 15437 / B12) (Sulfolobus shibatae),523848,3143,Unknown,97.9,97.4,0.5,0.3,1.8,1244.0,cellular organisms,Archaea,Thermoproteati,Thermoproteota,Thermoprotei,Sulfolobales,Sulfolobaceae,Saccharolobus,Saccharolobus shibatae
